symbol,system,entry_time_pkt,exit_time_pkt,entry_price,exit_price,exit_reason,capital_allocated_usd,gross_return_pct,net_return_pct,realized_pnl_usd,result
RENDER/USDT,NEW AdvancedConfluence,2026-09-25 08:00 PM PKT,2026-09-26 02:00 PM PKT,1.913,2.00075,TP,100.0,4.587,4.387,4.387,WIN
KAS/USDT,NEW AdvancedConfluence,2026-09-25 07:00 PM PKT,2026-09-26 03:00 PM PKT,0.04193,0.0446375,TP,100.0,6.457,6.257,6.2572,WIN
INJ/USDT,Pullback-in-Uptrend,2026-09-25 08:00 PM PKT,2026-09-26 06:00 PM PKT,8.165,7.71903125,SL,100.0,-5.462,-5.662,-5.662,LOSS
KMNO/USDT,Donchian Breakout,2026-09-26 03:00 PM PKT,2026-09-27 01:00 PM PKT,0.044762,0.04701512,SL,100.0,5.034,4.834,4.8336,WIN
MUBARAK/USDT,Union AB,2026-09-25 08:00 PM PKT,2026-09-27 02:00 PM PKT,0.05306,0.05408,SL,100.0,1.922,1.722,1.7224,WIN
DASH/USDT,Pullback-in-Uptrend,2026-09-26 02:00 PM PKT,2026-09-27 08:00 PM PKT,63.11,66.77375,SL,100.0,5.805,5.605,5.6053,WIN
SOL/USDT,Union AB Backup Tier,2026-09-25 08:00 PM PKT,2026-09-28 06:00 AM PKT,120.11,120.73625,SL,100.0,0.521,0.321,0.3214,WIN
UNI/USDT,Pullback-in-Uptrend,2026-09-25 08:00 PM PKT,2026-09-28 06:00 AM PKT,9.5884,9.53769375,SL,100.0,-0.529,-0.729,-0.7288,LOSS
ARB/USDT,Pullback-in-Uptrend,2026-09-25 08:00 PM PKT,2026-09-28 08:00 AM PKT,0.2208,0.21698125,SL,100.0,-1.73,-1.93,-1.9295,LOSS
NEAR/USDT,Union AB,2026-09-25 08:00 PM PKT,2026-09-28 12:00 PM PKT,5.1001,5.0816875,SL,100.0,-0.361,-0.561,-0.561,LOSS
